{"train": {"episode": 1, "obs_reward": -0.9859154929577455, "exp_reward": -17.399999999999977, "length": 356.0, "exploration rate": 0.1}, "_timestamp": 1687197959.0339422, "_runtime": 2190.729986190796, "_step": 2357076, "test": {"obs_reward": -0.9887323943661962, "exp_reward": -9.099999999999984, "length": 356.0, "obs_reward_std": 0.0, "exp_reward_std": 0.0}, "_wandb": {"runtime": 2190}}