{"train": {"episode": 1, "obs_reward": -0.9408450704225342, "exp_reward": -0.45633802816901375, "length": 356.0, "exploration rate": 0.42103030943949377}, "_timestamp": 1687216307.386356, "_runtime": 527.7330341339111, "_step": 565144, "test": {"obs_reward": -0.9971830985915483, "exp_reward": -0.501408450704225, "length": 356.0, "obs_reward_std": 0.0, "exp_reward_std": 0.0}, "_wandb": {"runtime": 522}}