{"train": {"episode": 1, "obs_reward": -0.9830985915492947, "exp_reward": -7.899999999999988, "length": 356.0, "exploration rate": 0.8973033727508439}, "_timestamp": 1687195655.061734, "_runtime": 34.20092701911926, "_step": 22784, "test": {"obs_reward": -0.9999999999999989, "exp_reward": 0.0, "length": 356.0, "obs_reward_std": 0.0, "exp_reward_std": 0.0}, "_wandb": {"runtime": 34}}