{"train": {"episode": 1, "obs_reward": -0.9633802816901398, "exp_reward": -9.89999999999998, "length": 356.0, "exploration rate": 0.1}, "_timestamp": 1687207704.607614, "_runtime": 2151.6057019233704, "_step": 2156464, "test": {"obs_reward": -0.9868544600938955, "exp_reward": -8.866666666666651, "length": 356.0, "obs_reward_std": 0.0013279000585662848, "exp_reward_std": 0.12472191289246427}, "_wandb": {"runtime": 2161}}