{"train": {"episode": 1, "obs_reward": -0.9887323943661961, "exp_reward": -8.699999999999985, "length": 356.0, "exploration rate": 0.88926187289652}, "_timestamp": 1687195197.4101145, "_runtime": 353.7660346031189, "_step": 227128, "test": {"obs_reward": -0.9783098591549285, "exp_reward": -0.48999999999999994, "length": 356.0, "obs_reward_std": 0.0012908663929453127, "exp_reward_std": 0.16401219466856723}, "_wandb": {"runtime": 365}}