{"train": {"episode": 1, "obs_reward": -0.9560000000000007, "exp_reward": -0.6480000000000005, "length": 252.0, "exploration rate": 0.49410341547587744}, "_timestamp": 1687271142.294094, "_runtime": 418.7709879875183, "_step": 285656, "test": {"obs_reward": -0.9800000000000008, "exp_reward": -0.9760000000000008, "length": 252.0, "obs_reward_std": 0.0, "exp_reward_std": 0.0}, "_wandb": {"runtime": 263}}