{"train": {"episode": 1, "obs_reward": -0.9157024793388318, "exp_reward": -0.7024793388429705, "length": 1212.0, "exploration rate": 0.8560957772181007}, "_timestamp": 1687270419.0671015, "_runtime": 200.45291447639465, "_step": 119232, "test": {"obs_reward": -0.9892561983470941, "exp_reward": -0.4958677685950427, "length": 1212.0, "obs_reward_std": 0.0, "exp_reward_std": 0.0}, "_wandb": {"runtime": 171}}