{"train": {"episode": 1, "obs_reward": -0.9549295774647878, "exp_reward": -8.199999999999987, "length": 356.0, "exploration rate": 0.8843831416236442}, "_timestamp": 1687204638.0680432, "_runtime": 426.78468012809753, "_step": 9804}