{"train": {"episode": 1, "obs_reward": -0.9943661971830975, "exp_reward": -9.199999999999983, "length": 356.0, "exploration rate": 0.8848255544008445}, "_timestamp": 1687195726.5274565, "_runtime": 24.085034608840942, "_step": 9788}