{"train": {"episode": 1, "obs_reward": -0.9746478873239426, "length": 178.0, "exploration rate": 0.8045947431206439}, "_timestamp": 1687356574.275517, "_runtime": 48.132025957107544, "_step": 9990}