{"train": {"episode": 1, "obs_reward": -0.9830985915492947, "length": 356.0, "exploration rate": 0.8216785276416861}, "_timestamp": 1687357763.9261549, "_runtime": 30.520407915115356, "_step": 9986}