{"train": {"episode": 1, "obs_reward": 0.21971830985915575, "exp_reward": -7.39999999999999, "length": 304.0, "exploration rate": 0.8870409402576618}, "_timestamp": 1687205425.2355075, "_runtime": 24.421615600585938, "_step": 10064, "test": {"obs_reward": -0.9868544600938955, "exp_reward": -8.933333333333318, "length": 356.0, "obs_reward_std": 0.0013279000585662845, "exp_reward_std": 0.094280904158206}, "_wandb": {"runtime": 52}}