{"train": {"episode": 1, "obs_reward": -0.9718309859154919, "exp_reward": -0.12957746478873247, "length": 356.0, "exploration rate": 0.1}, "_timestamp": 1687214367.6855092, "_runtime": 1793.4856700897217, "_step": 1761892, "test": {"obs_reward": -0.9896713615023464, "exp_reward": -0.9859154929577455, "length": 356.0, "obs_reward_std": 0.005311600234265165, "exp_reward_std": 0.007967400351397707}, "_wandb": {"runtime": 1793}}