{"train": {"episode": 1, "obs_reward": -0.9887323943661962, "exp_reward": -0.8957746478873231, "length": 356.0, "exploration rate": 0.1}, "_timestamp": 1687215545.324488, "_runtime": 679.5135560035706, "_step": 731000, "test": {"obs_reward": -0.9690140845070413, "exp_reward": -0.5126760563380278, "length": 356.0, "obs_reward_std": 0.0, "exp_reward_std": 0.0}, "_wandb": {"runtime": 907}}