{"train": {"episode": 2, "obs_reward": -5.127999999999936, "exp_reward": -4.776000000000003, "length": 1978.0, "exploration rate": 0.19767746897384905}, "_timestamp": 1687271559.318071, "_runtime": 121.31203579902649, "_step": 303000, "test": {"obs_reward": -0.9960000000000008, "exp_reward": -0.4960000000000004, "length": 252.0, "obs_reward_std": 0.0, "exp_reward_std": 0.0}}