{"train": {"episode": 1, "obs_reward": 0.13521126760563473, "exp_reward": -0.47887323943661936, "length": 324.0, "exploration rate": 0.7627885652721107}, "_timestamp": 1687214821.879644, "_runtime": 45.91547679901123, "_step": 19452, "test": {"obs_reward": -0.9633802816901399, "exp_reward": -0.9690140845070413, "length": 356.0, "obs_reward_std": 0.0, "exp_reward_std": 0.0}, "_wandb": {"runtime": 61}}