{"train": {"episode": 1, "obs_reward": 0.3943661971830992, "length": 116.0, "exploration rate": 0.8638284964725682}, "_timestamp": 1687275064.9974453, "_runtime": 56.05436730384827, "_step": 4720}