{"train": {"episode": 1, "obs_reward": -0.9690140845070413, "exp_reward": -9.599999999999982, "length": 356.0, "exploration rate": 0.8821743936222367}, "_timestamp": 1687195512.0180564, "_runtime": 24.645954370498657, "_step": 10224, "test": {"obs_reward": -0.9859154929577454, "exp_reward": -8.699999999999985, "length": 356.0, "obs_reward_std": 0.0, "exp_reward_std": 0.0}, "_wandb": {"runtime": 127}}