{"train": {"episode": 1, "obs_reward": 0.7774647887323944, "exp_reward": -0.14084507042253527, "length": 92.0, "exploration rate": 0.7535914468882114}, "_timestamp": 1687217753.618401, "_runtime": 145.57556915283203, "_step": 118988, "test": {"obs_reward": -0.9718309859154919, "exp_reward": -0.5070422535211264, "length": 356.0, "obs_reward_std": 0.0, "exp_reward_std": 0.0}, "_wandb": {"runtime": 145}}